{
  "project_info": {
    "project_number": "1002877238370",
    "project_id": "quizappmaster-15b34",
    "storage_bucket": "quizappmaster-15b34.appspot.com"
  },
  "client": [
    {
      "client_info": {
        "mobilesdk_app_id": "1:1002877238370:android:3fcc81f18ca4ccdf11a53b",
        "android_client_info": {
          "package_name": "com.example.simplequiz"
        }
      },
      "oauth_client": [
        {
          "client_id": "1002877238370-viioibkd3gnk1cgd0nul2jnq1hba908m.apps.googleusercontent.com",
          "client_type": 1,
          "android_info": {
            "package_name": "com.example.simplequiz",
            "certificate_hash": "c90a896df6ea5e22fea9f2d12abc4b9c4ce38c63"
          }
        },
        {
          "client_id": "1002877238370-6f5ad8ubu3ag626qumlq8cd86voqairv.apps.googleusercontent.com",
          "client_type": 3
        }
      ],
      "api_key": [
        {
          "current_key": "AIzaSyAjin23cz9HJ8a-z7g212h-jrhzw5mOFpE"
        }
      ],
      "services": {
        "appinvite_service": {
          "other_platform_oauth_client": [
            {
              "client_id": "1002877238370-6f5ad8ubu3ag626qumlq8cd86voqairv.apps.googleusercontent.com",
              "client_type": 3
            }
          ]
        }
      }
    }
  ],
  "configuration_version": "1"
}